Workbook

Sheet Product Master Data
A1: Product ID | B1: Product Name | C1: Pump Type | D1: Flow Rate (m3\h) | E1: Pump Head | F1: Power(kW) | G1: Efficiency(%) | H1: Data Quality Status
A2: P001 | B2: Pump Alphs | C2: Centrifugal | D2: 10 | E2: 15 | F2: 1.1 | G2: 72 | H2: =IF(COUNTBLANK(A2:G2)>0,"Review","Complete") -> Complete
A3: P002 | B3: Pump Beta | C3: Centrifugal | D3: 20 | E3: 25 | F3: 2.2 | G3: 80 | H3: =IF(COUNTBLANK(A3:G3)>0,"Review","Complete") -> Complete
A4: P003 | B4: Pump Gamma | C4: Circulator | D4: 8 | E4: 12 | F4: 0.75 | G4: 75 | H4: =IF(COUNTBLANK(A4:G4)>0,"Review","Complete") -> Complete
A5: P004 | B5: Pump Delta | C5: Centrifugal | D5: 15 | E5: 20 | F5: 1.5 | G5: 78 | H5: =IF(COUNTBLANK(A5:G5)>0,"Review","Complete") -> Complete
A6: P005 | B6: Pump Epsilon | C6: Circulator | D6: 5 | E6: 8 | F6: 0.5 | G6: 70 | H6: =IF(COUNTBLANK(A6:G6)>0,"Review","Complete") -> Complete
A7: P006 | B7: Pump Zeta | C7: Centrifugal | D7: 25 | E7: 30 | F7: 3 | G7: 85 | H7: =IF(COUNTBLANK(A7:G7)>0,"Review","Complete") -> Complete
A8: P007 | B8: Pump Eta | C8: Centrifugal | D8: 12 | E8: 18 | F8: 1.2 | G8: 76 | H8: =IF(COUNTBLANK(A8:G8)>0,"Review","Complete") -> Complete
A9: P008 | B9: Pump Theta | C9: Circulator | D9: 6 | E9: 10 | F9: 0.6 | G9: 73 | H9: =IF(COUNTBLANK(A9:G9)>0,"Review","Complete") -> Complete
A10: P009 | B10: Pump Lota | C10: Centrifugal | D10: 18 | E10: 22 | F10: 1.8 | G10: 79 | H10: =IF(COUNTBLANK(A10:G10)>0,"Review","Complete") -> Complete
A11: P010 | B11: Pump Kappa | C11: Circulator | D11: 9 | E11: 14 | F11: 0.9 | G11: 77 | H11: =IF(COUNTBLANK(A11:G11)>0,"Review","Complete") -> Complete

Sheet Dashboard
A1: Total Products | B1: =COUNTA('Product Master Data'!A2:A1000) -> 10 | D1: Status | E1: Number
A2: Complete Products | B2: =COUNTIF('Product Master Data'!H2:H1000, "*Complete*") -> 10 | D2: Complete | E2: =B2 -> 10
A3: Product to Review | B3: =COUNTIF('Product Master Data'!H2:H1000, "Review") -> 0 | D3: Review | E3: =B3 -> 0
A4: Data Completness(%) | B4: =IF(B1=0,0,B2/B1) -> 1
A5: Overall Data Quality | B5: =IF(B1=0, "No data", IF(B3=0, "All products passed", "Attention required")) -> All products passed
A6: PRODUCT DATA QUALITY DASHBOARD
A8: Product ID Search
A9: Enter Product ID: | B9: P001
A10: Product Name: | B10: =IF(B9="", "", IFERROR(VLOOKUP(B9, 'Product Master Data'!A:B, 2, FALSE), "Product not found")) -> Pump Alphs
A11: Pump Type: | B11: =IF(B9="", "", IFERROR(VLOOKUP(B9, 'Product Master Data'!A:C, 3, FALSE), "Product not found")) -> Centrifugal
A12: Flow Rate (m3/h): | B12: =IF(B9="", "", IFERROR(VLOOKUP(B9, 'Product Master Data'!A:D, 4, FALSE), "Product not found")) -> 10
A13: Pump Head(m): | B13: =IF(B9="", "", IFERROR(VLOOKUP(B9, 'Product Master Data'!A:E, 5, FALSE), "Product not found")) -> 15
A14: Power (kW) | B14: =IF(B9="", "", IFERROR(VLOOKUP(B9, 'Product Master Data'!A:F, 6, FALSE), "Product not found")) -> 1.1
A15: Efficiency (%) | B15: =IF(B9="", "", IFERROR(VLOOKUP(B9, 'Product Master Data'!A:G, 7, FALSE), "Product not found")) -> 72

Sheet Test Log
A1: Test ID | B1: Test Description | C1: Expected Results | D1: Actual Results | E1: Status
A2: TC001 | B2: Check product count | C2: Dashboard displays 10 products | D2: Dashboard displays 10 products | E2: Passed
A3: TC002 | B3: Missing Required value | C3: Status changed to Review | D3: Status changed to Review | E3: Passed
A4: TC003 | B4: Duplicate Product ID | C4: Duplicate ID highlighted | D4: Duplicate ID highlighted | E4: Passed
A5: TC004 | B5: Invalid Flow Rate | C5: Invalied value rejected | D5: Invalied value rejected | E5: Passed
A6: TC005 | B6: Pump type dropdown | C6: Only listed type avaliable | D6: Dropdown worked correctly | E6: Passed
A7: TC006 | B7: Product ID search | C7: Product details displayed | D7: Product details displayed | E7: Passed
